comp,year,discp,seg,skname,nat,rank,order,tss,tes,tpcs,tded,tbv,pcs1f,pcs1j1,pcs1j2,pcs1j3,pcs1j4,pcs1j5,pcs1j6,pcs1j7,pcs1j8,pcs1j9,pcs1t,pcs2f,pcs2j1,pcs2j2,pcs2j3,pcs2j4,pcs2j5,pcs2j6,pcs2j7,pcs2j8,pcs2j9,pcs2t,pcs3f,pcs3j1,pcs3j2,pcs3j3,pcs3j4,pcs3j5,pcs3j6,pcs3j7,pcs3j8,pcs3j9,pcs3t,pcs4f,pcs4j1,pcs4j2,pcs4j3,pcs4j4,pcs4j5,pcs4j6,pcs4j7,pcs4j8,pcs4j9,pcs4t,pcs5f,pcs5j1,pcs5j2,pcs5j3,pcs5j4,pcs5j5,pcs5j6,pcs5j7,pcs5j8,pcs5j9,pcs5t,
owg,2018,1,1,Evgenia MEDVEDEVA,OAR,1,24,156.65,79.18,77.47,0.00,62.33,1.60,9.50,9.50,9.75,9.75,9.50,9.75,9.50,9.50,9.50,9.57,1.60,9.25,9.50,9.50,9.75,9.25,9.50,9.25,9.50,9.50,9.43,1.60,9.50,9.75,10.00,10.00,9.50,10.00,9.75,9.75,10.00,9.82,1.60,9.50,10.00,9.75,10.00,9.50,9.75,9.75,9.50,9.75,9.71,1.60,9.75,10.00,10.00,10.00,9.50,10.00,9.75,9.75,10.00,9.89,
owg,2018,1,1,Alina ZAGITOVA,OAR,2,22,156.65,81.62,75.03,0.00,66.01,1.60,9.00,9.25,9.50,9.50,9.00,9.50,9.25,9.50,9.25,9.32,1.60,9.25,9.00,9.25,9.25,9.00,9.25,9.25,9.25,9.25,9.21,1.60,9.50,9.50,9.75,9.75,9.50,9.75,9.25,9.75,9.50,9.61,1.60,9.00,9.25,9.75,9.50,9.25,9.50,9.50,9.00,9.00,9.29,1.60,9.50,9.00,9.75,9.50,9.25,9.75,9.50,9.75,9.00,9.46,
owg,2018,1,1,Kaetlyn OSMOND,CAN,3,23,152.15,76.50,75.65,0.00,62.12,1.60,9.75,9.25,9.75,9.25,9.75,9.00,9.50,9.50,9.50,9.50,1.60,9.50,8.75,9.50,8.75,9.50,8.75,9.25,9.50,9.25,9.21,1.60,9.75,9.00,10.00,9.25,9.75,9.25,9.50,9.75,9.75,9.57,1.60,9.50,9.00,9.75,8.75,9.75,8.75,9.50,9.75,9.50,9.39,1.60,9.75,9.25,9.75,9.00,9.75,9.25,9.75,9.75,9.75,9.61,
owg,2018,1,1,Satoko MIYAHARA,JPN,4,19,146.44,75.20,71.24,0.00,62.84,1.60,9.00,9.00,9.25,8.75,9.00,8.75,8.75,9.00,9.00,8.93,1.60,9.00,8.50,8.75,8.50,8.50,8.50,8.50,9.25,8.75,8.64,1.60,9.25,9.00,9.25,9.00,9.00,9.00,9.00,9.50,9.00,9.07,1.60,9.25,8.75,9.00,8.50,9.00,8.75,8.75,9.25,8.75,8.89,1.60,9.25,8.75,9.00,9.00,9.25,9.00,8.75,9.50,8.75,9.00,
owg,2018,1,1,Carolina KOSTNER,ITA,5,20,139.29,63.64,75.65,0.00,56.04,1.60,9.25,9.50,9.75,9.50,9.50,9.50,9.50,9.50,9.25,9.46,1.60,9.00,9.25,9.50,9.25,9.25,9.00,9.25,9.50,9.25,9.25,1.60,9.25,9.25,9.75,9.50,9.50,9.25,9.00,9.50,9.75,9.43,1.60,9.50,9.75,9.75,9.25,9.75,9.25,9.75,9.50,9.50,9.57,1.60,9.50,9.50,9.75,9.50,9.50,9.50,9.50,9.75,9.75,9.57,
owg,2018,1,1,Kaori SAKAMOTO,JPN,6,21,136.53,68.42,68.11,0.00,60.81,1.60,8.50,8.75,9.00,8.50,8.50,8.50,8.75,8.50,8.50,8.57,1.60,8.25,8.50,8.50,8.25,8.00,7.75,8.50,8.50,8.50,8.36,1.60,8.50,8.50,8.75,8.25,8.25,8.00,9.00,8.50,8.75,8.50,1.60,8.75,8.25,8.75,8.25,8.75,8.50,9.25,8.25,8.75,8.57,1.60,8.25,8.50,8.75,8.50,8.75,8.00,9.25,8.50,8.75,8.57,
owg,2018,1,1,Maria SOTSKOVA,OAR,7,13,134.24,66.94,67.30,0.00,59.01,1.60,8.50,8.50,8.50,8.50,7.75,8.25,8.25,8.50,8.25,8.39,1.60,8.25,8.25,8.25,8.25,7.75,8.00,7.75,8.25,8.25,8.14,1.60,8.75,8.75,8.75,8.50,8.00,8.50,8.00,8.75,8.50,8.54,1.60,8.50,8.50,8.50,8.50,8.25,8.50,8.25,8.25,8.75,8.43,1.60,8.25,8.75,8.75,8.75,8.00,8.75,8.50,8.50,8.50,8.57,
owg,2018,1,1,Dabin CHOI,KOR,8,17,131.49,68.74,62.75,0.00,61.87,1.60,7.75,7.75,8.00,7.50,7.75,8.25,7.75,7.75,8.75,7.86,1.60,7.25,7.25,7.75,7.50,7.25,7.75,8.00,7.50,8.00,7.57,1.60,7.50,7.75,8.00,7.75,8.00,8.00,8.50,8.25,8.50,8.04,1.60,7.50,7.50,8.00,7.75,8.00,8.00,8.00,7.75,8.25,7.86,1.60,7.25,7.25,8.00,7.75,7.75,8.00,8.25,8.25,8.25,7.89,
owg,2018,1,1,Bradie TENNELL,USA,9,15,128.34,65.41,62.93,0.00,59.91,1.60,7.75,7.75,8.00,7.75,8.00,8.00,8.00,8.00,8.75,7.93,1.60,7.50,7.25,7.50,7.50,8.00,7.75,7.75,7.75,8.50,7.68,1.60,7.25,7.50,7.75,7.50,7.75,8.00,8.25,7.75,8.50,7.79,1.60,7.50,7.50,8.00,7.50,8.25,8.25,8.50,7.75,8.25,7.93,1.60,7.25,7.50,8.00,7.75,8.25,8.50,8.25,8.00,8.25,8.00,
owg,2018,1,1,Hanul KIM,KOR,10,4,121.38,67.03,54.35,0.00,61.79,1.60,7.25,6.50,7.25,6.75,7.00,7.00,7.00,7.25,6.50,6.96,1.60,6.50,6.00,7.00,6.50,6.25,6.50,6.25,7.00,6.25,6.46,1.60,7.00,6.75,7.25,7.00,6.75,7.25,7.00,7.50,6.50,7.00,1.60,6.75,6.25,7.00,6.75,6.25,7.00,6.50,6.75,6.75,6.68,1.60,6.75,6.25,7.00,7.00,6.75,7.25,6.75,7.25,6.50,6.86,
owg,2018,1,1,Karen CHEN,USA,11,14,119.75,56.65,64.10,-1.00,54.95,1.60,7.75,8.50,8.00,7.75,8.50,8.00,8.25,8.25,8.50,8.18,1.60,7.50,7.75,7.75,7.50,7.50,7.50,7.50,8.00,8.50,7.64,1.60,8.00,8.00,8.00,7.25,7.50,8.00,8.25,8.00,8.75,7.96,1.60,8.25,8.25,8.00,7.75,8.00,8.25,7.75,8.00,8.25,8.07,1.60,8.25,8.00,8.25,8.00,8.25,8.50,7.50,8.25,8.50,8.21,
owg,2018,1,1,Mirai NAGASU,USA,12,18,119.61,57.56,62.05,0.00,50.63,1.60,8.00,8.25,8.25,8.00,7.75,8.50,8.25,8.00,8.25,8.14,1.60,7.00,7.50,7.75,7.25,7.00,8.25,7.00,7.75,8.25,7.50,1.60,7.25,7.75,8.00,7.50,7.00,7.75,8.00,7.75,8.00,7.71,1.60,7.50,8.00,8.25,7.50,7.50,8.00,7.50,7.75,8.00,7.75,1.60,7.25,7.75,8.25,7.75,7.25,7.75,7.50,7.75,8.00,7.68,
owg,2018,1,1,Elizabet TURSYNBAEVA,KAZ,13,7,118.30,60.50,58.80,-1.00,57.79,1.60,7.25,7.50,7.50,7.75,7.50,7.50,7.25,7.25,6.75,7.39,1.60,7.50,7.25,7.25,7.50,6.75,7.25,6.75,7.00,6.75,7.11,1.60,7.50,7.50,7.50,7.75,7.00,7.50,7.50,7.25,7.00,7.39,1.60,7.50,7.50,7.50,8.00,7.25,7.75,7.00,7.25,7.25,7.43,1.60,7.75,7.25,7.50,8.00,7.25,7.75,7.25,7.25,7.00,7.43,
owg,2018,1,1,Loena HENDRICKX,BEL,14,2,116.72,60.73,55.99,0.00,55.50,1.60,7.00,7.25,7.00,7.25,6.75,7.00,7.25,7.25,6.25,7.07,1.60,7.25,6.75,6.75,7.00,6.50,6.25,7.00,6.75,6.25,6.71,1.60,7.50,7.00,7.25,7.25,7.00,6.75,6.75,7.50,7.00,7.11,1.60,7.50,7.00,7.00,7.00,7.00,6.75,7.25,6.75,6.75,6.96,1.60,7.75,7.25,7.25,7.25,7.00,7.00,7.00,7.25,7.00,7.14,
owg,2018,1,1,Nicole RAJICOVA,SVK,15,11,114.60,57.80,56.80,0.00,55.28,1.60,6.75,7.25,7.50,7.50,6.75,6.75,7.25,7.25,7.00,7.11,1.60,6.50,7.00,7.25,7.25,6.25,6.50,6.75,7.25,7.00,6.89,1.60,7.00,7.25,7.75,7.75,6.50,7.00,7.00,7.50,7.25,7.25,1.60,6.75,7.50,7.50,7.25,6.50,6.75,6.75,7.25,7.00,7.04,1.60,7.25,7.25,7.75,7.50,6.50,7.00,7.00,7.25,7.25,7.21,
owg,2018,1,1,Kailani CRAINE,AUS,16,9,111.84,57.89,53.95,0.00,56.27,1.60,6.50,6.50,6.75,7.00,6.75,6.50,6.75,7.00,6.25,6.68,1.60,6.75,6.25,6.50,6.75,6.50,6.00,6.75,7.00,6.25,6.54,1.60,7.25,6.75,7.00,7.00,7.25,6.75,7.00,7.25,6.75,7.00,1.60,6.75,6.25,6.75,6.75,7.25,6.50,6.50,6.75,6.50,6.64,1.60,7.00,6.25,7.00,7.00,7.50,6.25,6.75,7.25,6.75,6.86,
owg,2018,1,1,Nicole SCHOTT,GER,17,10,109.26,52.68,56.58,0.00,50.99,1.60,6.75,7.00,7.00,7.25,7.50,7.00,7.25,7.00,6.75,7.04,1.60,7.00,6.50,6.75,7.00,7.50,6.75,7.00,6.50,6.75,6.82,1.60,7.00,6.75,7.00,7.25,7.25,7.25,6.75,7.00,7.00,7.04,1.60,7.25,7.00,7.00,7.50,7.50,7.00,7.50,6.75,7.00,7.18,1.60,7.50,6.75,7.25,7.50,7.75,7.25,7.25,7.00,7.25,7.29,
owg,2018,1,1,Mae Berenice MEITE,FRA,18,3,106.25,55.13,52.12,-1.00,55.71,1.60,6.25,6.50,6.50,6.75,6.25,6.75,6.75,6.50,6.00,6.50,1.60,6.25,6.25,6.25,6.50,6.25,6.50,6.25,6.25,6.00,6.29,1.60,6.50,6.25,6.50,6.50,6.75,7.00,6.75,7.00,6.25,6.61,1.60,6.50,6.50,6.50,6.75,6.25,6.75,6.50,6.75,6.00,6.54,1.60,6.50,6.50,6.50,6.50,6.50,7.00,7.00,7.25,6.00,6.64,
owg,2018,1,1,Gabrielle DALEMAN,CAN,19,16,103.56,45.81,61.75,-4.00,50.89,1.60,8.50,8.25,7.75,8.00,7.50,8.25,8.00,8.00,7.75,8.00,1.60,8.50,7.50,7.25,7.50,7.00,7.75,7.50,8.00,8.00,7.64,1.60,7.75,7.50,7.00,7.50,6.75,7.50,6.75,7.75,7.75,7.39,1.60,8.50,7.75,7.50,7.50,7.50,8.50,8.25,8.00,8.00,7.93,1.60,8.00,7.50,7.25,7.75,6.75,8.00,7.50,7.75,7.75,7.64,
owg,2018,1,1,Xiangning LI,CHN,20,5,101.97,50.56,51.41,0.00,50.63,1.60,6.75,6.25,6.50,6.75,7.25,6.75,5.75,6.75,6.25,6.57,1.60,6.50,5.75,6.00,6.50,6.50,6.25,5.50,6.75,6.00,6.21,1.60,6.25,6.25,6.50,6.75,6.75,6.75,5.75,6.75,6.00,6.46,1.60,6.50,6.00,6.25,7.00,7.25,6.50,5.50,6.25,6.25,6.39,1.60,6.50,6.00,6.50,7.00,7.25,6.50,5.25,7.00,6.00,6.50,
owg,2018,1,1,Emmi PELTONEN,FIN,21,8,101.86,46.41,56.45,-1.00,46.88,1.60,7.25,7.25,7.00,7.00,7.75,7.00,7.50,7.00,7.00,7.14,1.60,6.50,6.75,6.50,7.00,6.75,6.75,6.75,7.25,7.00,6.79,1.60,6.75,6.75,7.25,6.75,7.00,7.25,6.75,7.50,7.25,7.00,1.60,7.00,7.00,6.75,7.25,7.50,7.25,7.00,7.00,7.00,7.07,1.60,7.25,6.75,7.25,7.50,7.50,7.25,7.00,7.50,7.25,7.29,
owg,2018,1,1,Alexia PAGANINI,SUI,22,1,101.00,50.94,50.06,0.00,50.63,1.60,6.50,6.50,6.50,6.50,6.50,6.25,6.25,6.50,6.25,6.43,1.60,6.00,6.00,6.25,6.00,5.75,5.25,6.00,6.50,6.00,6.00,1.60,6.25,6.25,6.50,6.50,6.25,6.00,6.00,7.00,6.25,6.29,1.60,6.50,6.50,6.50,6.25,6.50,6.00,5.75,6.50,6.00,6.32,1.60,6.25,6.25,6.50,6.50,6.00,6.25,5.50,6.75,6.00,6.25,
owg,2018,1,1,Ivett TOTH,HUN,23,6,97.21,49.82,50.39,-3.00,52.80,1.60,6.25,6.25,5.75,6.75,6.50,6.25,6.00,6.75,6.25,6.32,1.60,6.50,6.00,5.50,6.50,6.50,6.25,6.25,6.25,6.25,6.29,1.60,6.25,6.00,5.75,6.50,6.25,6.50,6.00,6.50,6.00,6.21,1.60,6.75,6.25,5.75,7.00,6.75,6.50,5.75,6.50,6.25,6.39,1.60,6.50,6.25,5.75,6.75,6.50,6.25,5.50,6.75,6.00,6.29,
owg,2018,1,1,Isadora WILLIAMS,BRA,24,12,88.44,38.39,51.05,-1.00,43.33,1.60,5.75,6.50,6.50,6.75,7.00,6.50,6.00,6.50,6.25,6.43,1.60,6.00,6.25,6.25,6.50,6.25,6.00,5.75,6.25,6.25,6.18,1.60,5.75,6.25,6.50,6.50,6.50,6.25,6.00,6.75,6.50,6.36,1.60,6.50,6.50,6.50,6.75,7.00,6.00,6.00,6.75,6.00,6.43,1.60,6.25,6.25,6.75,6.75,6.75,6.25,6.25,6.75,6.50,6.50,
owg,2018,0,0,Yuzuru HANYU,JPN,1,25,111.68,63.18,48.50,0.00,49.01,1.00,10.00,9.75,10.00,9.75,9.75,9.50,9.50,9.75,9.50,9.71,1.00,9.00,9.50,9.75,9.50,9.50,9.25,8.75,9.75,9.50,9.43,1.00,10.00,9.75,10.00,10.00,9.75,9.75,9.75,10.00,9.75,9.86,1.00,9.50,10.00,9.75,9.75,9.75,9.75,9.50,10.00,9.75,9.75,1.00,9.50,9.75,9.75,10.00,9.75,9.75,9.50,10.00,9.75,9.75,
owg,2018,0,0,Javier FERNANDEZ,ESP,2,29,107.58,59.79,47.79,0.00,47.75,1.00,10.00,9.50,9.50,9.50,9.25,9.50,9.00,9.25,9.00,9.36,1.00,9.50,9.50,9.50,9.50,9.00,9.50,9.00,9.25,9.25,9.36,1.00,10.00,9.75,10.00,10.00,9.25,9.50,9.50,9.75,9.50,9.71,1.00,10.00,10.00,9.50,10.00,9.50,9.75,9.25,9.50,9.50,9.68,1.00,10.00,9.75,10.00,9.75,9.50,9.75,9.50,9.50,9.25,9.68,
owg,2018,0,0,Shoma UNO,JPN,3,28,104.17,58.13,46.04,0.00,50.71,1.00,9.00,9.25,10.00,9.25,9.50,9.25,9.25,9.25,9.25,9.29,1.00,8.75,8.75,9.50,9.25,9.25,9.00,9.00,8.75,9.00,9.00,1.00,9.00,9.00,9.75,9.50,9.25,9.25,9.25,9.25,9.25,9.25,1.00,9.00,9.00,9.50,9.50,9.50,9.25,9.25,9.25,9.25,9.29,1.00,8.75,8.75,10.00,9.50,9.25,9.50,9.25,9.25,9.00,9.21,
owg,2018,0,0,Boyang JIN,CHN,4,30,103.32,60.27,43.05,0.00,51.15,1.00,8.25,8.75,9.00,8.75,9.00,8.50,9.00,8.50,9.25,8.79,1.00,7.75,8.00,8.50,8.75,8.50,8.00,8.50,7.75,9.25,8.29,1.00,8.00,8.50,9.00,9.00,9.00,8.50,8.75,9.00,9.50,8.82,1.00,8.00,8.25,8.75,8.75,9.00,8.50,8.50,7.75,9.50,8.54,1.00,7.75,8.50,8.75,9.25,8.75,8.50,8.75,7.75,9.50,8.61,
owg,2018,0,0,Dmitri ALIEV,OAR,5,20,98.98,56.98,42.00,0.00,50.55,1.00,8.00,8.75,8.50,8.25,8.75,8.50,9.00,8.00,8.25,8.43,1.00,7.50,8.25,8.00,8.00,8.50,8.25,8.50,7.75,8.00,8.11,1.00,8.00,8.50,8.50,8.50,8.75,8.50,9.25,8.25,8.50,8.50,1.00,8.00,8.75,8.25,8.50,8.75,8.50,9.00,8.25,8.50,8.50,1.00,7.75,8.50,8.00,8.75,8.75,8.75,9.00,8.25,8.25,8.46,
owg,2018,0,0,Patrick CHAN,CAN,6,21,90.01,45.08,45.93,-1.00,40.29,1.00,9.50,9.50,9.50,9.25,9.25,9.25,9.25,9.50,9.00,9.36,1.00,9.00,9.00,9.25,9.25,9.00,8.75,9.75,9.25,8.75,9.07,1.00,9.00,9.00,9.25,9.00,9.00,8.50,9.50,9.00,8.75,9.00,1.00,9.75,9.25,9.25,9.25,9.25,9.00,9.50,9.50,9.00,9.29,1.00,9.25,9.25,9.50,9.00,9.00,8.75,9.50,9.50,9.00,9.21,
owg,2018,0,0,Adam RIPPON,USA,7,19,87.95,44.48,43.47,0.00,38.30,1.00,8.75,8.50,9.00,8.25,8.50,8.75,8.75,8.50,8.25,8.57,1.00,8.75,8.25,8.75,8.25,8.50,8.50,8.50,8.00,8.25,8.43,1.00,9.00,8.75,9.25,8.75,8.75,8.75,9.50,8.75,8.50,8.86,1.00,8.75,8.25,9.00,8.50,8.75,8.75,9.00,8.50,8.50,8.68,1.00,9.25,8.75,9.25,8.75,9.00,9.00,9.25,8.50,8.50,8.93,
owg,2018,0,0,Mikhail KOLYADA,OAR,8,27,86.69,43.84,43.85,-1.00,39.25,1.00,8.00,9.25,8.75,9.00,9.25,8.75,9.25,9.00,8.75,8.96,1.00,7.75,8.75,8.25,8.75,9.25,8.50,8.75,8.25,8.50,8.54,1.00,7.75,8.75,8.25,9.00,9.00,8.25,9.25,9.00,8.25,8.64,1.00,8.50,9.25,8.50,8.75,9.25,8.75,9.50,8.50,8.75,8.82,1.00,8.00,9.25,8.75,9.25,9.25,8.75,9.25,8.50,8.50,8.89,
owg,2018,0,0,Michal BREZINA,CZE,9,13,85.15,44.34,40.81,0.00,38.63,1.00,8.25,8.75,8.25,8.25,8.25,8.50,8.00,7.75,8.25,8.25,1.00,7.25,8.25,7.75,8.00,8.25,8.00,7.50,7.75,8.00,7.89,1.00,8.00,8.75,8.50,8.50,8.25,8.25,8.00,8.00,8.25,8.25,1.00,8.00,8.50,8.00,8.50,8.50,8.50,7.75,7.75,8.25,8.21,1.00,7.75,8.50,8.25,8.50,8.50,8.25,8.25,7.50,8.00,8.21,
owg,2018,0,0,Keegan MESSING,CAN,10,12,85.11,45.50,40.61,-1.00,42.00,1.00,8.00,9.50,8.00,7.75,7.25,8.25,8.75,7.75,7.75,8.04,1.00,7.50,9.00,8.00,7.50,7.25,8.50,8.75,7.75,7.75,7.96,1.00,7.75,9.25,8.00,8.00,7.00,8.25,9.00,8.00,7.50,8.07,1.00,8.00,9.50,8.25,7.75,7.50,8.50,9.00,8.50,8.00,8.29,1.00,8.00,9.50,8.25,7.75,7.00,8.75,9.00,8.00,8.00,8.25,
owg,2018,0,0,Jorik HENDRICKX,BEL,11,17,84.74,44.17,40.57,0.00,38.44,1.00,7.75,8.00,8.50,7.75,8.00,8.00,8.25,8.00,7.75,7.96,1.00,7.75,7.75,8.25,7.50,7.75,8.25,8.25,8.00,7.50,7.89,1.00,7.75,8.50,8.75,8.00,7.75,8.50,8.75,8.50,7.75,8.25,1.00,8.00,8.25,8.50,7.50,8.00,8.25,8.75,8.25,8.00,8.18,1.00,8.00,8.50,8.75,7.75,8.25,8.50,8.75,8.00,8.00,8.29,
owg,2018,0,0,Vincent ZHOU,USA,12,3,84.53,48.50,36.03,0.00,51.25,1.00,7.25,7.50,8.00,7.25,7.25,7.00,7.25,7.75,7.50,7.39,1.00,6.50,7.00,7.50,7.00,7.00,6.50,6.50,7.50,7.25,6.96,1.00,6.75,7.25,7.75,6.75,7.00,6.50,7.00,7.75,7.25,7.11,1.00,7.50,7.00,8.00,6.75,7.25,7.00,7.25,7.75,7.50,7.32,1.00,7.00,7.25,8.00,7.00,7.50,6.75,7.25,7.50,7.25,7.25,
owg,2018,0,0,Alexei BYCHENKO,ISR,13,23,84.13,43.63,40.50,0.00,41.33,1.00,7.50,8.50,8.00,8.25,7.75,8.25,8.00,7.50,7.75,7.93,1.00,7.00,8.25,7.75,8.00,7.25,8.25,8.00,7.25,7.50,7.71,1.00,8.00,8.50,8.25,8.75,7.50,8.50,8.75,8.75,7.75,8.36,1.00,8.00,8.25,8.25,8.75,7.75,8.50,8.50,8.00,7.50,8.18,1.00,8.00,8.75,8.50,8.75,7.50,8.75,8.50,8.25,7.50,8.32,
owg,2018,0,0,Misha GE,UZB,14,16,83.90,41.75,42.15,0.00,36.83,1.00,7.50,8.25,8.00,8.75,8.50,8.50,8.00,7.75,8.25,8.18,1.00,7.75,8.25,7.50,8.50,8.50,8.50,8.50,7.50,8.25,8.18,1.00,8.00,8.50,8.00,9.00,8.50,9.00,9.25,8.25,8.50,8.54,1.00,8.00,8.75,7.75,9.00,8.75,8.50,8.50,8.25,8.50,8.46,1.00,8.75,8.75,8.00,9.00,9.00,8.75,9.25,8.50,8.75,8.79,
owg,2018,0,0,Junhwan CHA,KOR,15,14,83.43,43.79,39.64,0.00,37.00,1.00,8.00,7.75,8.75,7.50,8.00,7.75,8.00,8.00,8.00,7.93,1.00,8.25,7.00,8.00,7.25,7.75,7.50,7.75,7.50,8.00,7.68,1.00,8.00,7.50,8.50,7.75,8.25,7.75,8.25,8.25,8.25,8.07,1.00,8.00,7.25,8.50,7.50,8.25,7.50,8.00,8.25,8.50,8.00,1.00,8.00,7.50,8.50,7.75,8.00,7.50,8.25,8.00,8.25,7.96,
owg,2018,0,0,Brendan KERRY,AUS,16,10,83.06,45.49,37.57,0.00,42.45,1.00,7.25,7.50,7.75,7.50,7.75,7.50,7.25,7.75,7.75,7.57,1.00,7.25,7.25,7.50,7.25,7.50,7.00,7.25,7.75,7.50,7.36,1.00,7.75,7.75,8.00,7.50,7.50,7.50,7.50,7.50,7.75,7.61,1.00,7.75,7.25,7.75,7.75,7.75,7.25,7.50,7.50,7.50,7.57,1.00,7.00,7.50,7.50,7.50,7.75,7.50,7.25,7.50,7.50,7.46,
owg,2018,0,0,Nathan CHEN,USA,17,26,82.27,41.39,41.88,-1.00,47.48,1.00,8.25,8.50,9.00,8.50,8.75,8.25,8.25,8.50,8.50,8.46,1.00,8.25,8.25,8.75,8.25,8.25,8.00,8.75,8.25,8.25,8.32,1.00,7.75,8.00,8.75,8.75,8.25,7.75,8.25,7.75,8.25,8.14,1.00,8.50,8.50,9.00,8.75,8.50,8.50,8.75,8.50,8.50,8.57,1.00,8.00,8.25,8.75,8.50,8.25,8.25,8.75,8.25,8.50,8.39,
owg,2018,0,0,Daniel SAMOHIN,ISR,18,18,80.69,43.29,38.40,-1.00,43.79,1.00,7.75,7.75,7.75,7.50,7.75,8.00,8.25,7.75,7.75,7.79,1.00,7.00,7.25,6.75,7.25,7.50,7.50,7.25,7.25,7.50,7.29,1.00,7.75,7.75,7.50,7.75,7.75,8.00,8.25,8.00,7.50,7.79,1.00,7.75,7.50,7.50,7.50,8.00,8.00,8.00,7.50,7.75,7.71,1.00,7.75,7.50,7.75,7.75,8.25,8.25,8.25,7.50,7.50,7.82,
owg,2018,0,0,Han YAN,CHN,19,8,80.63,40.99,40.64,-1.00,40.03,1.00,8.50,8.50,7.75,8.75,8.50,8.50,8.25,8.25,8.75,8.46,1.00,8.00,8.00,7.50,8.25,8.25,8.25,7.75,8.00,8.50,8.07,1.00,7.50,8.00,7.50,8.00,8.25,7.75,8.00,7.25,8.25,7.86,1.00,8.00,8.25,7.75,8.00,8.50,8.25,8.00,8.25,8.75,8.18,1.00,8.00,8.00,7.75,8.25,8.50,8.00,8.00,7.75,8.75,8.07,
owg,2018,0,0,Keiji TANAKA,JPN,20,22,80.05,40.30,40.75,-1.00,39.65,1.00,8.25,8.50,8.50,8.25,8.50,8.25,8.75,8.25,8.00,8.36,1.00,7.75,8.00,7.75,7.75,8.25,7.75,8.25,7.50,7.75,7.86,1.00,8.00,8.25,8.25,8.00,8.25,7.50,9.00,7.75,8.00,8.07,1.00,8.00,8.25,8.50,7.75,8.50,8.00,9.00,8.00,8.25,8.21,1.00,7.50,8.00,8.50,8.25,8.50,7.75,9.00,8.50,8.25,8.25,
owg,2018,0,0,Deniss VASILJEVS,LAT,21,24,79.52,39.34,41.18,-1.00,35.63,1.00,8.25,8.00,8.00,8.25,8.50,8.25,8.25,8.25,8.50,8.25,1.00,8.00,7.75,7.75,8.00,8.50,8.00,8.25,7.25,8.25,8.00,1.00,7.75,8.00,7.75,8.25,8.25,8.25,8.50,8.50,8.25,8.18,1.00,8.50,8.25,8.00,8.50,8.50,8.50,8.50,7.75,8.50,8.39,1.00,8.00,8.25,8.25,8.25,8.75,8.50,8.75,7.75,8.50,8.36,
owg,2018,0,0,Morisi KVITELASHVILI,GEO,22,11,76.56,40.88,36.68,-1.00,41.86,1.00,8.00,7.50,7.50,7.25,7.00,7.50,7.50,7.50,7.50,7.46,1.00,7.50,7.25,7.00,7.00,6.75,7.00,7.50,7.00,7.00,7.11,1.00,7.75,7.25,7.25,7.00,7.00,7.25,7.75,7.50,7.25,7.32,1.00,8.00,7.75,7.25,7.25,7.25,7.50,7.75,7.25,7.25,7.43,1.00,7.75,7.50,7.25,7.25,7.00,7.50,7.75,7.25,7.00,7.36,
owg,2018,0,0,Matteo RIZZO,ITA,23,5,75.63,39.23,36.40,0.00,35.43,1.00,7.50,7.50,7.00,7.50,7.25,7.25,8.00,7.00,6.75,7.29,1.00,7.50,7.25,6.75,7.25,6.75,7.25,7.75,7.00,6.50,7.11,1.00,7.00,7.75,7.00,7.75,7.00,7.50,8.00,7.00,6.50,7.29,1.00,7.25,7.50,7.00,7.75,7.50,7.25,7.75,7.50,7.00,7.39,1.00,7.00,7.50,7.25,7.50,7.25,7.50,8.00,7.25,6.75,7.32,
owg,2018,0,0,Paul FENTZ,GER,24,15,74.73,37.71,37.02,0.00,36.00,1.00,7.75,7.25,7.25,7.25,7.50,7.50,8.00,7.00,7.75,7.46,1.00,7.50,7.00,7.00,7.00,7.00,7.25,8.00,7.25,7.75,7.25,1.00,7.75,7.50,7.25,7.25,6.75,7.50,8.00,7.50,7.50,7.46,1.00,7.75,7.00,7.25,7.25,7.25,7.75,8.50,7.25,7.75,7.46,1.00,7.50,7.25,7.50,7.25,7.00,7.75,8.50,7.00,7.50,7.39,
owg,2018,0,0,Julian Zhi Jie YEE,MAS,25,9,73.58,38.37,35.21,0.00,38.06,1.00,6.75,7.75,7.50,6.75,7.25,6.75,8.00,6.75,6.50,7.07,1.00,6.50,7.25,7.00,6.50,6.75,7.00,7.50,6.75,6.50,6.82,1.00,6.75,7.75,7.00,7.25,6.75,7.50,8.00,6.50,6.75,7.11,1.00,7.00,7.25,7.25,7.00,7.25,7.25,8.00,7.00,6.75,7.14,1.00,7.00,7.50,7.50,6.75,7.00,7.00,8.25,6.75,6.75,7.07,
owg,2018,0,0,Chafik BESSEGHIER,FRA,26,2,72.10,38.41,33.69,0.00,35.60,1.00,6.75,7.50,7.00,6.50,6.00,6.75,7.00,7.00,6.50,6.79,1.00,6.00,7.25,7.00,6.25,5.50,6.50,6.00,6.25,6.00,6.29,1.00,7.00,7.50,7.25,6.75,6.00,7.00,6.75,7.25,6.25,6.89,1.00,6.75,7.25,7.25,6.75,6.25,7.00,6.75,7.00,6.50,6.86,1.00,6.75,7.25,7.25,7.00,6.50,7.25,6.75,6.50,6.00,6.86,
owg,2018,0,0,Denis TEN,KAZ,27,4,70.12,30.77,39.35,0.00,26.03,1.00,8.75,7.75,8.25,8.75,7.75,8.25,7.50,8.25,7.75,8.11,1.00,8.25,7.50,8.00,8.50,7.50,7.75,7.75,7.75,7.75,7.82,1.00,7.75,7.25,8.00,8.75,7.00,7.50,7.00,7.50,7.25,7.46,1.00,8.50,7.75,8.25,9.00,7.50,8.25,7.75,8.25,7.75,8.07,1.00,8.00,7.25,8.50,8.75,7.25,8.25,7.75,8.00,7.50,7.89,
owg,2018,0,0,Michael Christian MARTINEZ,PHI,28,6,55.56,26.04,29.52,0.00,25.71,1.00,5.75,6.00,5.75,6.25,5.75,5.25,6.25,6.00,6.50,5.96,1.00,5.75,5.50,5.50,6.00,5.25,5.00,6.00,5.50,6.25,5.64,1.00,6.00,5.75,5.75,6.50,5.50,5.50,6.50,5.75,6.50,5.96,1.00,6.25,5.50,5.75,6.50,5.75,5.25,6.25,6.00,6.50,6.00,1.00,6.25,5.75,5.75,6.75,5.75,5.50,6.50,5.50,6.25,5.96,
owg,2018,0,0,Felipe MONTOYA,ESP,29,1,52.41,22.59,30.82,-1.00,25.57,1.00,6.25,6.25,6.00,6.00,6.50,6.00,6.75,6.75,6.00,6.25,1.00,6.50,6.00,5.75,5.75,6.00,6.00,7.00,6.50,5.75,6.07,1.00,6.00,5.75,5.75,5.75,6.25,5.50,7.00,6.75,5.75,6.00,1.00,6.25,6.00,6.00,6.00,6.50,6.00,7.00,7.00,6.00,6.25,1.00,6.50,6.25,6.00,6.25,6.25,5.75,7.25,6.50,6.00,6.25,
owg,2018,0,0,Yaroslav PANIOT,UKR,30,7,46.58,18.68,29.90,-2.00,22.21,1.00,7.00,6.50,5.00,6.25,7.00,6.00,6.50,6.50,6.25,6.43,1.00,6.75,6.00,4.75,5.50,6.00,5.25,6.50,5.50,5.75,5.79,1.00,5.50,5.75,4.75,5.50,6.50,5.25,6.75,5.25,5.50,5.61,1.00,6.50,6.25,5.00,6.00,7.00,5.75,7.50,6.00,6.00,6.21,1.00,6.00,6.00,5.00,5.75,7.25,5.50,7.00,5.00,5.75,5.86,
owg,2018,1,0,Alina ZAGITOVA,OAR,1,28,82.92,45.30,37.62,0.00,34.97,0.80,9.50,9.75,9.25,9.25,9.25,8.75,9.50,9.25,9.50,9.36,0.80,9.50,9.25,9.00,9.25,9.25,9.00,9.25,9.00,9.25,9.18,0.80,9.75,9.75,9.25,9.75,9.75,9.00,9.75,9.50,9.75,9.64,0.80,9.75,9.50,9.25,9.50,9.50,9.25,9.25,9.50,9.50,9.43,0.80,9.75,9.50,9.00,9.50,9.50,9.25,9.50,9.50,9.25,9.43,
owg,2018,1,0,Evgenia MEDVEDEVA,OAR,2,25,81.61,43.19,38.42,0.00,33.10,0.80,9.50,9.75,9.25,9.50,9.25,9.25,9.75,9.75,9.75,9.54,0.80,9.50,9.50,9.00,9.50,9.00,9.25,9.75,9.50,9.50,9.39,0.80,9.75,10.00,9.50,9.75,9.50,9.50,10.00,9.75,9.75,9.71,0.80,9.75,9.75,9.25,9.75,9.50,9.50,9.75,9.75,10.00,9.68,0.80,9.75,9.75,9.25,9.50,9.50,9.50,10.00,10.00,10.00,9.71,
owg,2018,1,0,Kaetlyn OSMOND,CAN,3,27,78.87,41.83,37.04,0.00,32.53,0.80,9.50,9.50,9.00,9.50,9.50,9.50,9.00,8.75,9.25,9.32,0.80,9.00,9.25,8.75,9.50,9.25,9.25,8.75,8.50,8.75,9.00,0.80,9.50,9.50,9.25,9.75,9.75,9.25,9.00,9.00,9.25,9.36,0.80,9.50,9.50,9.00,9.75,9.75,9.50,8.75,8.75,9.00,9.29,0.80,9.50,9.50,9.00,10.00,9.75,9.50,9.00,9.00,9.00,9.32,
owg,2018,1,0,Satoko MIYAHARA,JPN,4,26,75.94,40.25,35.69,0.00,32.84,0.80,9.25,9.25,9.00,9.25,8.75,8.75,8.75,9.00,8.50,8.96,0.80,8.75,9.00,9.00,9.00,8.50,8.75,8.50,8.75,8.25,8.75,0.80,9.00,9.25,9.25,9.50,8.75,9.00,8.75,9.00,8.75,9.00,0.80,8.75,9.00,9.00,9.50,8.75,9.00,8.50,9.00,8.50,8.86,0.80,9.00,9.25,9.50,9.50,8.75,9.00,8.75,9.00,8.50,9.04,
owg,2018,1,0,Kaori SAKAMOTO,JPN,5,19,73.18,40.36,32.82,0.00,33.10,0.80,8.00,8.50,8.25,8.50,8.75,8.75,8.50,8.00,8.50,8.43,0.80,7.50,8.00,8.00,8.00,8.50,8.25,8.00,7.50,8.00,7.96,0.80,7.75,8.50,8.25,8.50,8.50,8.25,8.25,7.75,8.50,8.29,0.80,7.50,8.25,8.00,8.25,8.75,8.50,8.00,8.00,8.25,8.18,0.80,7.75,8.50,8.00,7.75,8.50,8.50,8.50,7.75,8.25,8.18,
owg,2018,1,0,Carolina KOSTNER,ITA,6,29,73.15,35.06,38.09,0.00,28.63,0.80,9.50,9.25,9.50,9.50,9.50,9.50,9.00,9.50,9.50,9.46,0.80,9.25,9.25,9.25,9.25,9.50,9.50,9.00,9.50,9.25,9.32,0.80,9.50,9.50,8.75,9.50,9.75,9.75,9.50,9.50,9.50,9.54,0.80,9.75,9.25,9.25,9.75,9.75,9.75,9.25,9.75,9.75,9.61,0.80,9.75,9.50,9.50,9.75,9.75,9.75,9.50,9.75,9.75,9.68,
owg,2018,1,0,Gabrielle DALEMAN,CAN,7,21,68.90,35.90,33.00,0.00,32.13,0.80,8.50,8.00,8.25,8.75,8.50,8.25,8.50,8.25,7.75,8.32,0.80,8.50,7.25,8.25,8.50,8.25,7.75,8.00,8.00,7.50,8.04,0.80,8.50,8.00,8.00,8.75,8.25,8.00,8.25,8.25,7.75,8.18,0.80,8.50,8.00,8.00,8.75,8.50,8.00,8.50,8.25,7.50,8.25,0.80,8.75,8.25,8.50,8.75,8.50,8.25,8.50,8.50,7.75,8.46,
owg,2018,1,0,Dabin CHOI,KOR,8,24,67.77,37.54,30.23,0.00,33.06,0.80,8.00,8.00,7.75,7.25,8.00,7.50,7.75,7.75,7.50,7.75,0.80,7.50,7.25,7.50,7.00,7.75,7.00,7.50,7.00,7.25,7.29,0.80,7.75,7.75,7.75,7.00,7.75,7.50,8.00,7.50,7.75,7.68,0.80,7.25,7.50,7.50,7.25,7.75,7.50,7.75,7.50,7.50,7.50,0.80,7.50,7.75,7.75,7.00,7.75,7.50,8.00,7.25,7.50,7.57,
owg,2018,1,0,Mirai NAGASU,USA,9,20,66.93,37.24,30.69,-1.00,36.41,0.80,8.50,7.75,8.25,8.00,8.50,7.75,8.00,8.00,7.50,8.04,0.80,7.75,7.00,8.00,7.25,8.00,6.50,7.50,7.00,7.00,7.36,0.80,8.00,7.25,7.75,7.75,8.25,6.50,7.50,7.75,7.25,7.61,0.80,8.00,7.00,8.00,7.75,8.25,7.00,7.75,7.75,7.50,7.68,0.80,7.75,7.25,8.25,7.50,8.25,7.25,8.00,7.75,7.25,7.68,
owg,2018,1,0,Karen CHEN,USA,10,22,65.90,33.53,32.37,0.00,29.97,0.80,8.00,8.25,8.00,8.00,8.00,8.50,8.00,8.25,8.00,8.07,0.80,8.00,8.00,8.00,8.25,7.75,8.00,7.75,7.75,7.50,7.89,0.80,8.25,8.50,8.25,8.00,8.25,8.50,7.75,8.00,7.75,8.14,0.80,8.00,8.25,8.00,8.25,8.25,8.25,8.00,8.00,8.00,8.11,0.80,8.00,8.50,8.50,8.25,8.25,8.50,8.25,8.00,7.75,8.25,
owg,2018,1,0,Bradie TENNELL,USA,11,1,64.01,35.50,29.51,-1.00,32.54,0.80,7.75,7.25,8.00,7.75,7.50,6.75,7.75,7.50,7.50,7.57,0.80,7.25,6.25,7.75,7.50,7.25,7.25,7.25,7.00,7.25,7.25,0.80,7.50,6.75,7.75,7.50,7.25,6.75,7.25,7.25,7.25,7.25,0.80,7.50,6.50,8.00,7.75,7.50,7.00,7.50,7.25,7.50,7.43,0.80,7.50,6.50,8.00,7.50,7.50,7.00,7.50,7.25,7.50,7.39,
owg,2018,1,0,Maria SOTSKOVA,OAR,12,30,63.86,31.47,33.39,-1.00,31.06,0.80,8.75,8.50,8.25,8.50,8.50,8.00,8.50,8.75,8.25,8.46,0.80,8.75,8.25,8.00,8.25,8.25,7.50,8.25,8.50,8.00,8.21,0.80,8.50,8.50,7.75,8.00,8.50,7.75,8.00,8.50,8.25,8.21,0.80,8.75,8.50,8.00,8.50,8.50,8.25,8.25,8.75,8.50,8.46,0.80,8.50,8.50,8.25,8.25,8.50,7.75,8.50,8.75,8.25,8.39,
owg,2018,1,0,Nicole RAJICOVA,SVK,13,18,60.59,32.36,28.23,0.00,29.33,0.80,7.50,7.25,6.75,7.25,7.25,6.75,7.25,7.50,7.00,7.18,0.80,7.00,6.75,6.50,7.00,7.00,6.25,7.00,6.75,6.75,6.82,0.80,7.50,7.25,7.00,7.50,7.50,6.75,7.25,7.00,7.00,7.21,0.80,7.25,7.00,6.75,7.25,7.25,6.50,7.00,7.00,6.75,7.00,0.80,7.25,7.25,7.00,7.00,7.50,6.75,7.25,7.00,6.75,7.07,
owg,2018,1,0,Nicole SCHOTT,GER,14,17,59.20,31.62,27.58,0.00,29.53,0.80,7.25,7.00,7.00,7.00,7.00,7.50,6.75,6.75,6.25,6.96,0.80,6.75,6.25,7.00,6.50,6.50,7.50,6.75,6.50,6.00,6.61,0.80,7.25,7.00,7.25,7.00,7.00,7.25,7.25,6.75,6.50,7.07,0.80,7.00,6.50,7.00,7.00,6.75,7.50,7.00,6.75,6.25,6.86,0.80,7.00,6.75,7.00,7.00,7.00,7.75,7.25,6.75,6.25,6.96,
owg,2018,1,0,Elizabet TURSYNBAEVA,KAZ,15,23,58.82,29.14,29.68,0.00,25.90,0.80,7.50,7.50,7.50,7.25,7.25,7.50,8.00,7.50,7.50,7.46,0.80,7.25,7.00,7.50,7.00,7.00,7.00,7.50,7.25,7.25,7.18,0.80,7.50,7.50,7.50,7.25,7.50,7.50,7.75,7.50,7.50,7.50,0.80,7.25,7.25,7.50,7.50,7.25,7.25,8.00,7.75,7.50,7.43,0.80,7.50,7.75,7.75,7.25,7.25,7.50,8.00,7.75,7.25,7.54,
owg,2018,1,0,Kailani CRAINE,AUS,16,13,56.77,30.36,26.41,0.00,28.47,0.80,6.75,5.75,7.25,6.00,6.25,6.75,6.75,7.50,6.50,6.61,0.80,6.50,5.75,7.00,5.75,5.75,6.50,6.50,7.25,6.25,6.32,0.80,6.75,6.00,7.25,6.00,6.00,7.25,7.25,7.75,6.50,6.71,0.80,6.50,6.25,7.00,6.00,6.25,7.00,6.75,7.75,6.25,6.57,0.80,6.75,6.25,7.50,6.25,6.25,7.25,7.00,7.75,6.50,6.79,
owg,2018,1,0,Isadora WILLIAMS,BRA,17,2,55.74,29.83,25.91,0.00,27.83,0.80,6.25,6.00,6.75,6.50,5.75,6.75,6.75,7.00,6.75,6.54,0.80,6.00,5.50,6.75,6.50,5.50,6.50,6.50,6.75,6.25,6.29,0.80,6.25,6.25,7.25,6.75,5.75,7.00,6.75,6.75,6.75,6.64,0.80,6.25,5.75,6.75,6.75,5.75,6.75,6.50,6.75,6.50,6.46,0.80,6.00,6.00,7.25,7.00,6.00,6.50,6.75,6.50,6.50,6.46,
owg,2018,1,0,Emmi PELTONEN,FIN,18,10,55.28,28.48,27.80,-1.00,27.93,0.80,7.00,6.50,7.00,7.25,6.25,7.25,7.25,7.25,6.75,7.00,0.80,6.75,6.00,6.50,7.00,6.00,7.00,7.00,6.75,6.50,6.64,0.80,7.25,6.50,7.50,7.75,6.50,7.00,7.00,7.00,6.50,6.96,0.80,7.00,6.25,7.00,7.75,6.75,7.25,7.50,7.25,6.75,7.07,0.80,7.00,6.50,7.25,7.75,6.75,7.25,7.50,7.25,6.50,7.07,
owg,2018,1,0,Alexia PAGANINI,SUI,19,8,55.26,29.99,25.27,0.00,28.63,0.80,6.25,6.00,7.00,6.00,6.25,6.50,6.75,6.50,6.50,6.39,0.80,6.00,5.25,6.75,6.00,6.00,6.25,6.50,6.00,6.25,6.14,0.80,6.25,5.75,7.25,6.00,6.50,6.25,6.75,6.50,6.50,6.39,0.80,6.25,5.50,6.75,6.00,6.50,6.50,6.75,6.25,6.50,6.39,0.80,6.00,5.50,7.25,5.75,6.50,6.25,7.00,6.25,6.25,6.29,
owg,2018,1,0,Loena HENDRICKX,BEL,20,16,55.16,27.79,27.37,0.00,25.13,0.80,6.75,7.00,7.50,7.25,7.25,6.75,7.25,7.00,6.25,7.04,0.80,6.50,6.25,7.00,6.75,7.00,6.25,7.00,6.75,6.00,6.64,0.80,7.00,6.50,7.25,7.00,7.25,6.50,7.00,6.50,6.25,6.82,0.80,6.75,6.25,7.25,7.25,7.50,6.50,7.00,6.75,6.25,6.82,0.80,7.00,6.50,7.00,7.25,7.25,6.75,7.25,6.50,6.00,6.89,
owg,2018,1,0,Hanul KIM,KOR,21,5,54.33,29.41,24.92,0.00,28.39,0.80,6.50,6.50,7.25,6.00,6.75,6.50,6.00,6.00,6.25,6.36,0.80,6.00,6.25,7.00,5.50,6.50,6.00,5.50,5.75,6.00,6.00,0.80,6.25,6.75,7.50,5.75,6.50,6.25,5.75,6.25,6.50,6.32,0.80,6.50,6.75,7.25,5.50,6.75,6.00,5.75,6.00,6.25,6.29,0.80,6.25,6.50,7.25,5.50,6.75,6.00,5.75,6.00,6.00,6.18,
owg,2018,1,0,Mae Berenice MEITE,FRA,22,12,53.67,28.24,25.43,0.00,28.54,0.80,6.50,5.75,7.00,6.25,6.50,6.50,6.75,7.00,6.50,6.57,0.80,6.00,5.50,6.50,6.00,6.00,5.75,6.50,6.50,6.25,6.14,0.80,6.50,5.75,7.00,6.25,6.50,6.25,6.50,6.75,6.50,6.46,0.80,6.25,5.75,6.50,6.00,6.25,6.00,6.75,6.75,6.25,6.29,0.80,6.25,6.00,6.75,6.25,6.25,6.00,6.50,6.75,6.25,6.32,
owg,2018,1,0,Ivett TOTH,HUN,23,14,53.22,27.60,25.62,0.00,26.54,0.80,6.50,7.00,6.75,6.50,6.00,5.75,7.00,6.75,6.25,6.54,0.80,6.00,6.50,6.50,6.00,5.75,5.75,6.75,6.50,6.00,6.18,0.80,6.50,6.75,6.75,6.00,6.00,6.00,7.00,6.75,6.25,6.43,0.80,6.25,6.50,6.75,6.25,5.75,6.25,6.75,6.75,6.00,6.39,0.80,6.25,6.75,7.00,6.50,6.00,6.00,7.25,6.75,6.25,6.50,
owg,2018,1,0,Xiangning LI,CHN,24,7,52.46,27.27,26.19,-1.00,27.18,0.80,6.75,6.25,7.25,6.00,6.50,7.25,7.00,6.50,6.25,6.64,0.80,6.50,5.75,7.00,5.75,6.25,6.50,6.75,6.25,6.00,6.29,0.80,6.50,6.25,7.25,6.00,6.75,7.00,6.75,6.50,6.00,6.54,0.80,6.50,6.00,7.50,6.50,6.75,7.00,7.00,6.50,6.25,6.64,0.80,6.50,6.00,7.25,6.50,6.75,7.25,7.25,6.25,6.00,6.64,
owg,2018,1,0,Larkyn AUSTMAN,CAN,25,11,51.42,25.93,26.49,-1.00,27.33,0.80,6.50,5.75,7.75,6.50,7.00,6.50,6.50,7.25,6.75,6.71,0.80,6.25,6.00,7.25,5.75,6.75,6.25,6.00,6.50,6.50,6.32,0.80,6.50,6.25,8.00,6.75,7.00,6.25,6.00,7.00,6.50,6.61,0.80,6.50,6.50,7.50,6.75,7.25,6.50,6.25,7.00,6.50,6.71,0.80,6.25,6.50,8.00,6.75,7.25,6.75,6.00,7.00,6.75,6.75,
owg,2018,1,0,Diana NIKITINA,LAT,26,4,51.12,26.35,24.77,0.00,27.23,0.80,6.00,5.75,7.00,6.25,6.00,5.75,6.75,6.50,6.75,6.29,0.80,5.50,5.25,6.50,5.75,5.75,5.50,6.25,6.25,6.50,5.93,0.80,5.75,5.50,7.00,5.75,6.00,6.00,7.00,6.25,6.50,6.18,0.80,5.50,5.25,7.25,6.25,6.00,6.25,7.00,6.50,6.75,6.32,0.80,5.50,5.25,6.75,6.00,6.25,6.25,6.75,6.50,6.50,6.25,
owg,2018,1,0,Giada RUSSO,ITA,27,15,50.88,25.90,25.98,-1.00,26.43,0.80,6.50,5.50,7.00,6.75,6.25,6.50,6.75,7.00,6.25,6.57,0.80,6.25,5.25,6.75,6.50,6.00,6.25,6.50,6.25,6.00,6.25,0.80,6.75,5.50,7.00,6.75,6.25,6.50,6.50,6.50,6.25,6.50,0.80,6.50,5.50,7.00,7.00,6.50,6.50,7.00,6.25,6.00,6.54,0.80,6.50,5.75,7.25,7.00,6.50,6.75,6.75,6.50,6.25,6.61,
owg,2018,1,0,Anita OESTLUND,SWE,28,6,49.14,25.35,23.79,0.00,25.59,0.80,6.50,5.50,6.25,6.25,5.75,5.75,6.50,6.25,6.25,6.14,0.80,6.25,5.25,6.00,5.75,5.50,5.50,6.00,6.00,6.00,5.82,0.80,6.25,5.50,6.25,5.75,5.50,5.75,6.00,6.00,6.25,5.93,0.80,6.25,5.25,6.00,5.50,5.50,6.00,6.25,6.25,6.00,5.93,0.80,6.00,5.75,6.25,5.50,5.50,6.00,6.25,6.00,6.00,5.93,
owg,2018,1,0,Anna KHNYCHENKOVA,UKR,29,3,47.59,26.66,22.93,-2.00,30.20,0.80,6.50,5.50,6.25,6.00,5.50,5.50,6.00,6.00,5.75,5.86,0.80,6.25,5.25,6.00,5.25,5.00,5.50,5.50,5.75,5.50,5.54,0.80,6.00,5.75,6.25,5.25,5.25,5.75,5.50,5.75,5.25,5.61,0.80,6.25,5.50,6.50,5.50,5.50,6.00,5.75,6.00,5.75,5.82,0.80,6.25,5.75,6.25,5.50,5.50,5.75,6.00,6.00,5.50,5.82,
owg,2018,1,0,Aiza MAMBEKOVA,KAZ,30,9,44.40,21.29,23.11,0.00,20.93,0.80,5.50,5.00,6.25,5.50,5.50,6.50,5.75,5.75,5.75,5.71,0.80,5.50,5.00,6.00,5.00,5.00,6.00,5.50,5.75,5.50,5.46,0.80,5.75,5.25,7.00,5.75,5.50,6.75,5.50,5.75,5.75,5.82,0.80,5.75,5.00,6.25,5.75,5.75,6.50,5.75,6.00,6.00,5.89,0.80,5.50,5.50,7.25,6.00,5.75,6.75,5.75,6.00,6.25,6.00,
owg,2018,0,1,Nathan CHEN,USA,1,9,215.08,127.64,87.44,0.00,115.11,2.00,9.00,9.25,8.75,9.00,8.50,8.75,8.75,8.50,9.00,8.82,2.00,8.50,9.00,8.50,8.25,8.00,8.00,8.50,8.25,8.25,8.32,2.00,9.00,9.75,9.25,9.50,9.00,8.25,8.75,8.75,9.00,9.04,2.00,9.00,9.50,9.00,8.75,8.75,8.50,8.75,8.75,8.50,8.79,2.00,9.00,9.25,8.75,9.25,8.75,8.50,8.50,8.50,8.50,8.75,
owg,2018,0,1,Yuzuru HANYU,JPN,2,22,206.17,109.55,96.62,0.00,92.56,2.00,9.75,9.50,9.75,9.75,9.50,9.75,9.75,9.75,9.75,9.71,2.00,9.50,9.25,9.75,9.75,9.25,9.50,9.50,9.50,9.50,9.50,2.00,9.75,9.50,9.75,9.75,9.00,9.50,9.75,9.75,9.50,9.64,2.00,9.75,9.50,9.75,10.00,9.50,9.75,9.50,10.00,9.75,9.71,2.00,10.00,9.50,9.75,9.75,9.75,9.75,9.75,9.75,9.75,9.75,
owg,2018,0,1,Shoma UNO,JPN,3,24,202.73,111.01,92.72,-1.00,103.14,2.00,9.25,9.25,9.25,9.50,9.25,9.50,8.75,9.50,9.50,9.36,2.00,9.00,9.25,9.00,9.25,9.25,9.00,8.50,9.00,9.00,9.07,2.00,9.00,9.50,9.50,9.25,9.00,9.25,8.50,9.50,9.25,9.25,2.00,9.25,9.25,9.50,9.50,9.25,9.25,8.75,9.25,9.50,9.32,2.00,9.25,9.50,9.50,9.50,9.50,9.50,8.75,9.25,9.00,9.36,
owg,2018,0,1,Javier FERNANDEZ,ESP,4,23,197.66,101.52,96.14,0.00,84.11,2.00,9.50,9.25,9.50,9.50,9.50,9.50,8.75,9.50,9.75,9.46,2.00,9.50,9.50,9.25,9.50,9.25,9.50,8.75,9.50,9.50,9.43,2.00,9.75,9.75,9.75,9.25,9.75,9.50,9.00,9.75,9.75,9.64,2.00,10.00,9.75,9.75,9.75,9.75,9.75,9.25,9.75,10.00,9.79,2.00,9.75,9.75,9.75,9.50,10.00,9.75,9.00,9.75,10.00,9.75,
owg,2018,0,1,Boyang JIN,CHN,5,20,194.45,109.69,85.76,-1.00,102.40,2.00,9.00,8.25,8.75,8.75,8.50,8.50,9.50,8.75,8.75,8.71,2.00,8.50,7.50,8.50,7.75,8.00,8.00,9.25,8.50,8.25,8.21,2.00,8.75,8.50,8.75,8.75,8.25,8.50,9.50,8.75,8.50,8.64,2.00,9.00,7.75,9.00,8.50,8.50,8.75,9.50,8.75,8.25,8.68,2.00,9.00,8.00,9.00,8.25,8.50,8.50,9.50,8.75,8.50,8.64,
owg,2018,0,1,Vincent ZHOU,USA,6,15,192.16,112.24,79.92,0.00,110.59,2.00,7.50,7.75,7.75,8.25,7.75,8.75,8.25,8.00,8.50,8.04,2.00,7.00,7.75,7.50,7.75,7.75,8.00,7.75,7.50,8.25,7.71,2.00,8.00,8.75,7.75,7.75,8.25,8.50,8.25,8.25,8.75,8.25,2.00,7.50,8.25,7.75,8.25,7.75,8.50,7.75,7.75,8.25,7.96,2.00,7.50,8.00,7.75,8.25,8.00,8.50,7.75,7.75,8.50,8.00,
owg,2018,0,1,Mikhail KOLYADA,OAR,7,16,177.56,91.62,87.94,-2.00,89.46,2.00,9.25,8.75,9.25,9.00,8.50,9.25,8.75,9.00,9.00,9.00,2.00,8.75,8.50,8.75,8.75,8.00,8.50,8.50,8.75,8.75,8.64,2.00,9.00,8.50,9.00,8.50,8.00,8.75,8.50,9.00,8.50,8.68,2.00,9.00,8.50,9.25,9.00,8.50,9.00,8.75,8.75,9.00,8.86,2.00,9.00,8.50,9.25,8.75,8.50,9.00,8.75,8.75,8.75,8.79,
owg,2018,0,1,Patrick CHAN,CAN,8,21,173.42,81.56,91.86,0.00,72.49,2.00,9.50,9.50,9.25,9.25,9.25,9.25,9.50,9.25,9.25,9.32,2.00,9.00,9.25,9.25,9.25,9.25,9.00,9.25,9.00,9.00,9.14,2.00,8.75,8.75,9.00,9.00,8.50,8.50,9.00,9.25,9.00,8.86,2.00,9.00,9.50,9.25,9.25,9.25,8.75,9.25,9.50,9.50,9.29,2.00,9.25,9.50,9.00,9.50,9.25,9.00,9.50,9.50,9.25,9.32,
owg,2018,0,1,Alexei BYCHENKO,ISR,9,7,172.88,89.08,83.80,0.00,79.06,2.00,8.50,7.75,8.25,8.50,8.50,8.50,8.50,8.00,8.50,8.39,2.00,8.00,7.50,8.00,8.00,8.00,8.25,8.25,7.75,8.25,8.04,2.00,9.00,8.50,8.50,8.75,8.75,8.25,8.50,8.25,9.00,8.61,2.00,8.75,7.75,8.25,8.25,8.50,8.50,8.75,8.00,8.75,8.43,2.00,8.75,8.00,8.25,8.50,8.75,8.50,8.50,8.00,8.50,8.43,
owg,2018,0,1,Adam RIPPON,USA,10,18,171.41,84.47,86.94,0.00,75.78,2.00,9.00,9.00,8.75,8.75,8.50,8.75,8.75,8.75,8.50,8.75,2.00,8.75,8.75,8.50,8.75,8.25,8.50,8.50,8.50,8.25,8.54,2.00,8.75,9.50,9.00,8.50,8.50,8.50,8.75,8.75,8.50,8.68,2.00,8.75,9.50,8.75,8.75,8.50,8.50,9.00,8.75,8.25,8.71,2.00,8.75,9.75,8.75,9.00,8.50,8.75,9.00,8.75,8.25,8.79,
owg,2018,0,1,Daniel SAMOHIN,ISR,11,8,170.75,89.03,81.72,0.00,82.24,2.00,8.50,8.25,7.75,8.50,8.50,8.50,8.50,8.00,8.00,8.32,2.00,8.25,7.75,7.50,7.25,8.00,8.00,8.00,7.50,7.50,7.75,2.00,8.75,8.75,8.00,8.00,8.50,8.25,8.25,8.25,8.25,8.32,2.00,9.00,8.00,7.75,8.00,8.50,8.50,8.50,8.00,7.75,8.18,2.00,8.75,8.50,8.00,8.25,8.75,8.50,8.25,7.75,7.75,8.29,
owg,2018,0,1,Keegan MESSING,CAN,12,14,170.32,84.88,85.44,0.00,72.83,2.00,8.75,8.50,8.25,8.25,8.25,8.75,8.75,8.25,9.00,8.50,2.00,8.50,8.25,8.25,8.00,8.25,8.25,8.50,8.00,8.75,8.29,2.00,8.50,8.50,9.00,8.00,8.75,8.50,8.50,8.50,9.00,8.61,2.00,8.50,8.50,8.75,8.50,8.75,8.50,8.75,8.25,9.25,8.61,2.00,8.75,8.75,8.75,8.50,8.75,8.75,8.75,8.50,9.25,8.71,
owg,2018,0,1,Dmitri ALIEV,OAR,13,19,168.53,85.39,85.14,-2.00,84.39,2.00,8.75,8.75,8.50,8.75,8.75,8.75,8.50,8.50,8.50,8.64,2.00,8.50,8.50,8.25,8.75,8.50,8.50,8.00,8.25,8.25,8.39,2.00,8.50,8.00,8.25,8.50,8.00,8.50,8.00,8.50,8.50,8.32,2.00,8.75,8.50,8.50,9.00,8.50,8.75,8.25,8.50,8.75,8.61,2.00,8.75,8.50,8.75,8.75,8.50,8.75,8.25,8.50,8.50,8.61,
owg,2018,0,1,Junhwan CHA,KOR,14,11,165.16,84.94,81.22,-1.00,79.69,2.00,8.00,8.25,7.75,8.50,8.00,8.50,8.75,8.00,8.25,8.21,2.00,7.50,8.25,7.50,8.00,7.75,8.00,8.50,7.75,7.75,7.86,2.00,7.75,8.75,8.00,8.25,8.00,8.25,8.75,8.00,8.50,8.25,2.00,8.00,8.50,7.75,8.25,8.00,8.25,8.75,7.75,8.00,8.11,2.00,8.00,8.50,8.00,8.25,8.25,8.00,8.50,8.00,8.25,8.18,
owg,2018,0,1,Keiji TANAKA,JPN,15,5,164.78,85.64,81.14,-2.00,85.61,2.00,8.50,8.50,8.00,8.50,8.25,8.00,8.25,8.50,8.50,8.36,2.00,8.00,8.00,7.75,8.25,8.00,7.50,7.50,8.00,8.00,7.89,2.00,8.50,8.25,8.25,8.25,7.50,7.50,7.75,8.00,8.00,8.00,2.00,8.75,8.25,8.00,8.50,8.00,7.75,8.00,8.25,8.25,8.18,2.00,8.25,8.25,8.00,8.75,8.00,7.50,8.00,8.25,8.25,8.14,
owg,2018,0,1,Jorik HENDRICKX,BEL,16,13,164.21,81.79,82.42,0.00,71.96,2.00,8.50,8.50,8.00,8.25,8.25,8.50,8.25,8.00,8.00,8.25,2.00,8.50,8.25,7.75,7.75,8.00,8.25,8.00,7.75,7.75,7.96,2.00,8.75,8.75,8.25,8.00,8.25,8.50,8.25,8.25,8.25,8.36,2.00,8.50,8.25,8.00,8.50,8.00,8.50,8.25,8.25,8.00,8.25,2.00,8.75,8.75,8.25,8.50,8.25,8.50,8.25,8.00,8.25,8.39,
owg,2018,0,1,Misha GE,UZB,17,10,161.04,74.96,86.08,0.00,67.73,2.00,8.50,8.00,8.75,8.75,8.50,8.25,8.75,8.25,8.25,8.46,2.00,8.50,8.00,8.50,9.00,8.25,8.25,8.75,8.00,8.25,8.36,2.00,8.50,8.50,9.00,8.50,8.25,8.75,8.75,8.25,8.50,8.54,2.00,8.75,8.25,9.25,9.00,8.75,8.50,9.00,8.50,8.75,8.75,2.00,9.00,9.00,9.25,9.25,8.75,8.75,9.00,8.50,8.75,8.93,
owg,2018,0,1,Michal BREZINA,CZE,18,17,160.92,76.58,84.34,0.00,71.04,2.00,8.75,8.25,8.50,8.50,8.25,8.75,8.75,8.75,8.50,8.57,2.00,8.50,8.00,8.25,8.00,8.00,8.25,8.50,8.50,8.00,8.21,2.00,8.75,8.25,8.75,8.25,8.00,8.50,8.25,8.50,8.25,8.39,2.00,8.75,8.50,8.75,8.25,8.25,8.75,8.50,8.75,8.50,8.57,2.00,8.75,8.25,8.75,8.00,8.25,8.50,8.50,8.50,8.25,8.43,
owg,2018,0,1,Matteo RIZZO,ITA,19,2,156.78,80.86,75.92,0.00,74.11,2.00,7.75,7.75,7.75,7.75,7.50,7.50,7.75,7.50,7.50,7.64,2.00,7.50,7.75,7.50,7.25,7.25,7.25,7.25,7.00,7.25,7.32,2.00,8.00,8.25,8.00,7.50,7.50,7.50,7.75,7.75,8.00,7.79,2.00,7.75,8.00,7.75,7.75,7.50,7.50,7.50,7.50,7.75,7.64,2.00,7.50,8.25,7.75,7.50,7.75,7.25,7.50,7.50,7.50,7.57,
owg,2018,0,1,Deniss VASILJEVS,LAT,20,1,155.06,76.42,80.64,-2.00,72.75,2.00,8.50,7.75,8.00,8.25,8.25,8.25,8.00,8.00,8.25,8.14,2.00,8.50,7.75,7.75,8.00,8.00,8.00,7.50,7.50,8.00,7.86,2.00,8.50,8.00,8.50,7.75,7.75,7.75,7.50,8.00,8.00,7.96,2.00,8.75,8.25,8.25,8.00,8.00,8.25,8.00,7.75,8.50,8.18,2.00,8.75,8.00,8.25,8.25,8.25,8.25,8.00,8.00,8.25,8.18,
owg,2018,0,1,Brendan KERRY,AUS,21,12,150.75,73.33,77.42,0.00,69.67,2.00,8.25,8.00,7.50,8.50,7.75,8.25,8.25,7.75,7.50,7.96,2.00,7.25,7.75,7.25,8.25,7.00,7.75,8.00,7.50,7.25,7.54,2.00,7.50,7.75,7.50,8.00,7.00,8.00,7.75,7.75,7.50,7.68,2.00,7.75,8.25,7.25,8.25,7.50,8.25,8.00,7.50,7.50,7.82,2.00,7.75,8.00,7.50,8.25,7.50,8.00,7.75,7.50,7.25,7.71,
owg,2018,0,1,Paul FENTZ,GER,22,3,139.82,66.98,72.84,0.00,64.18,2.00,7.50,7.50,7.50,7.50,7.50,7.50,7.75,7.50,7.50,7.50,2.00,7.00,7.25,7.25,7.00,7.00,7.00,7.25,7.25,7.25,7.14,2.00,7.25,7.25,6.75,7.00,6.75,7.00,7.50,7.50,7.25,7.14,2.00,7.50,7.50,7.00,7.50,7.00,7.25,7.50,7.50,7.50,7.39,2.00,7.25,7.25,7.25,7.25,7.00,7.25,7.25,7.50,7.25,7.25,
owg,2018,0,1,Han YAN,CHN,23,4,132.38,53.80,79.58,-1.00,53.99,2.00,8.50,8.25,8.75,7.75,9.00,8.00,8.50,8.25,8.25,8.36,2.00,7.25,8.00,8.25,6.75,8.50,7.50,8.25,7.75,7.75,7.82,2.00,7.50,7.50,7.75,6.75,7.75,7.00,8.00,7.75,7.75,7.57,2.00,8.00,8.50,8.25,7.25,8.00,7.50,8.50,8.00,8.00,8.04,2.00,8.00,8.00,8.50,6.75,8.50,7.00,8.50,8.00,8.00,8.00,
owg,2018,0,1,Morisi KVITELASHVILI,GEO,24,6,128.01,63.35,70.66,-6.00,71.93,2.00,7.50,7.25,7.25,7.50,7.75,7.25,7.50,7.50,7.50,7.43,2.00,7.00,6.75,7.00,6.50,7.00,6.75,7.00,6.75,6.75,6.86,2.00,6.75,6.00,6.50,6.75,6.50,6.75,7.00,7.25,6.50,6.68,2.00,7.25,7.50,7.50,7.25,7.50,7.25,7.25,7.00,7.25,7.32,2.00,7.25,6.50,7.25,6.75,7.00,6.75,7.25,7.25,7.00,7.04,
